-- phpMyAdmin SQL Dump
-- version 3.4.10.1
-- http://www.phpmyadmin.net
--
-- Servidor: localhost
-- Tiempo de generación: 12-08-2015 a las 20:05:46
-- Versión del servidor: 5.5.20
-- Versión de PHP: 5.3.10
SET foreign_key_checks = 0;
SET SQL_MODE="NO_AUTO_VALUE_ON_ZERO";
SET time_zone = "+00:00";


/*!40101 SET @OLD_CHARACTER_SET_CLIENT=@@CHARACTER_SET_CLIENT */;
/*!40101 SET @OLD_CHARACTER_SET_RESULTS=@@CHARACTER_SET_RESULTS */;
/*!40101 SET @OLD_COLLATION_CONNECTION=@@COLLATION_CONNECTION */;
/*!40101 SET NAMES utf8 */;

--
-- Base de datos: `testreko`
--

--
-- Volcado de datos para la tabla `authassignment_administrador`
--

INSERT IGNORE INTO `authassignment_administrador` (`itemname`, `userid`, `bizrule`, `data`) VALUES
('administracion_rol_administrador', '1', NULL, NULL),
('administracion_rol_usuario', '1', NULL, NULL),
('administracion_rol_usuario', '2', NULL, 'N;'),
('administracion_usuario', '1', NULL, NULL),
('administracion_usuario', '2', NULL, 'N;'),
('administracion_usuario_administrador', '1', NULL, NULL),
('admin_rol_usuario', '2', NULL, 'N;'),
('admin_usuario', '2', NULL, 'N;');

--
-- Volcado de datos para la tabla `authassignment_usuario`
--

INSERT IGNORE INTO `authassignment_usuario` (`itemname`, `userid`, `bizrule`, `data`) VALUES
('aula', '1', NULL, NULL),
('aula', '2', NULL, NULL),
('aula', '3', NULL, NULL),
('aula', '4', NULL, NULL),
('aula', '5', NULL, NULL),
('repositorio', '1', NULL, NULL),
('repositorio', '4', NULL, NULL),
('repositorio', '5', NULL, NULL);

--
-- Volcado de datos para la tabla `authitem_permiso_administrador`
--

INSERT IGNORE INTO `authitem_permiso_administrador` (`name`, `type`, `description`, `bizrule`, `data`) VALUES
('administracion_rol_administrador', 2, '', '', ''),
('administracion_rol_usuario', 2, NULL, NULL, NULL),
('administracion_usuario', 2, '', NULL, 'N;'),
('administracion_usuario_administrador', 2, '', NULL, 'N;'),
('admin_aplicacion', 2, NULL, NULL, NULL),
('admin_aula', 2, NULL, NULL, NULL),
('admin_curricular', 2, NULL, NULL, NULL),
('admin_error_log_mensaje', 2, NULL, NULL, NULL),
('admin_escritorio', 2, NULL, NULL, NULL),
('admin_institucion', 2, NULL, NULL, NULL),
('admin_repositorio', 2, NULL, NULL, NULL),
('admin_rol_administrador', 2, NULL, NULL, NULL),
('admin_rol_usuario', 2, NULL, NULL, NULL),
('admin_usuario', 2, NULL, NULL, NULL),
('admin_usuario_administrador', 2, NULL, NULL, NULL);

--
-- Volcado de datos para la tabla `authitem_permiso_usuario`
--

INSERT IGNORE INTO `authitem_permiso_usuario` (`name`, `type`, `description`, `bizrule`, `data`) VALUES
('aula', 2, NULL, NULL, NULL),
('repositorio', 2, NULL, NULL, NULL);

--
-- Volcado de datos para la tabla `controlador_administrador`
--

INSERT IGNORE INTO `controlador_administrador` (`id`, `nombre`, `authitem_permiso_administrador_name`) VALUES
(1, 'AuthitemPermisoAdministrador', 'admin_rol_administrador'),
(2, 'ControladorAdministrador', 'admin_rol_administrador'),
(3, 'Default', 'admin_rol_administrador'),
(4, 'PrivilegioAdministrador', 'admin_rol_administrador'),
(5, 'RolAdministrador', 'admin_rol_administrador'),
(6, 'UsuarioAdministrador', 'admin_usuario_administrador'),
(7, 'Default', 'admin_usuario_administrador'),
(8, 'Usuario', 'admin_usuario'),
(9, 'Default', 'admin_usuario'),
(10, 'RolUsuario', 'admin_rol_usuario'),
(11, 'default', 'admin_rol_usuario'),
(12, 'AuthitemPermisoUsuario', 'admin_rol_usuario'),
(13, 'ControladorUsuario', 'admin_rol_usuario'),
(14, 'PrivilegioUsuario', 'admin_rol_usuario');

--
-- Volcado de datos para la tabla `controlador_usuario`
--

INSERT IGNORE INTO `controlador_usuario` (`id`, `nombre`, `authitem_permiso_usuario_name`) VALUES
(1, 'Aula', 'aula'),
(2, 'Default', 'aula'),
(3, 'Repositorio', 'repositorio'),
(4, 'Default', 'repositorio');

--
-- Volcado de datos para la tabla `icono_aplicacion_administrador`
--

INSERT IGNORE INTO `icono_aplicacion_administrador` (`id`, `estilo`, `authitem_permiso_administrador_name`) VALUES
(1, '<a href="<?php echo Yii::app()->getBaseUrl()."/admin_usuario_administrador";?>" >\n            <div class="tile-wide bg-teal fg-white" data-role="tile">\n                <div class="tile-content iconic">\n                    <span class="icon mif-user"></span>\n                </div>\n                <span class="tile-label">\n                    <?php \n                        $pizza  = CHtml::encode(''administracion_usuario_administrador'');\n                        $porciones = explode("_", $pizza);\n                        foreach ($porciones as $p)\n                        echo $p." "; // porción\n                    ?>\n                </span>\n            </div>\n        </a>', 'admin_usuario_administrador'),
(2, '<a href="<?php echo Yii::app()->getBaseUrl()."/admin_rol_administrador";?>" >\n            <div class="tile bg-darkBlue fg-white" data-role="tile">\n                <div class="tile-content iconic">\n                    <span class="icon mif-security"></span>\n                </div>\n                <span class="tile-label">            \n                    <?php \n                        $pizza  = CHtml::encode(''administracion_rol_administrador'');\n                        $porciones = explode("_", $pizza);\n                        foreach ($porciones as $p)\n                        echo $p." "; // porción\n                    ?>                \n                </span>\n            </div>\n        </a>', 'admin_rol_administrador'),
(3, '<a href="<?php echo Yii::app()->getBaseUrl()."/admin_rol_usuario";?>" >\n            <div class="tile bg-darkCyan fg-white" data-role="tile">\n                <div class="tile-content iconic">\n                    <span class="icon mif-security"></span>\n                </div>\n                <span class="tile-label">            \n                    <?php \n                        $pizza  = CHtml::encode(''administracion_rol_usuario'');\n                        $porciones = explode("_", $pizza);\n                        foreach ($porciones as $p)\n                        echo $p." "; // porción\n                    ?>                \n                </span>\n            </div>\n        </a>', 'admin_rol_usuario'),
(4, '<a href="<?php echo Yii::app()->getBaseUrl()."/admin_usuario";?>" >\n            <div class="tile-wide bg-darkGreen fg-white" data-role="tile">\n                <div class="tile-content iconic">\n                    <span class="icon mif-users"></span>\n                </div>\n                <span class="tile-label">\n                    <?php \n                        $pizza  = CHtml::encode(''administracion_usuario'');\n                        $porciones = explode("_", $pizza);\n                        foreach ($porciones as $p)\n                        echo $p." "; // porción\n                    ?>\n                </span>\n            </div>\n        </a>', 'admin_usuario'),
(5, '<a href="<?php echo Yii::app()->getBaseUrl()."/admin_institucion";?>" >\n            <div class="tile-large bg-darkPink fg-white" data-role="tile">\n                <div class="tile-content iconic">\n                    <span class="icon mif-library"></span>\n                </div>\n                <span class="tile-label">\n                    <?php \n                        $pizza  = CHtml::encode(''administracion_institucion'');\n                        $porciones = explode("_", $pizza);\n                        foreach ($porciones as $p)\n                        echo $p." "; // porción\n                    ?>\n                </span>\n            </div>\n        </a>', 'admin_institucion'),
(6, '<a href="<?php echo Yii::app()->getBaseUrl()."/admin_curricular";?>" >\n            <div class="tile-wide bg-darkViolet fg-white" data-role="tile">\n                <div class="tile-content iconic">\n                    <span class="icon mif-school"></span>\n                </div>\n                <span class="tile-label">            \n                    <?php \n                        $pizza  = CHtml::encode(''administracion_curricular'');\n                        $porciones = explode("_", $pizza);\n                        foreach ($porciones as $p)\n                        echo $p." "; // porción\n                    ?>                \n                </span>\n            </div>\n        </a>', 'admin_curricular'),
(7, '<a href="<?php echo Yii::app()->getBaseUrl()."/admin_escritorio";?>" >\n            <div class="tile-wide bg-green fg-white" data-role="tile">\n                <div class="tile-content iconic">\n                    <span class="icon mif-display"></span>\n                </div>\n                <span class="tile-label">\n                    <?php \n                        $pizza  = CHtml::encode(''administracion_escritorio'');\n                        $porciones = explode("_", $pizza);\n                        foreach ($porciones as $p)\n                        echo $p." "; // porción\n                    ?>\n                </span>\n            </div>\n        </a>', 'admin_escritorio'),
(8, '<a href="<?php echo Yii::app()->getBaseUrl()."/admin_aplicacion";?>" >\n            <div class="tile bg-amber fg-white" data-role="tile">\n                <div class="tile-content iconic">\n                    <span class="icon mif-widgets"></span>\n                </div>\n                <span class="tile-label">            \n                    <?php \n                        $pizza  = CHtml::encode(''administracion_aplicacion'');\n                        $porciones = explode("_", $pizza);\n                        foreach ($porciones as $p)\n                        echo $p." "; // porción\n                    ?>                \n                </span>\n            </div>\n        </a>', 'admin_aplicacion'),
(9, '<a href="<?php echo Yii::app()->getBaseUrl()."/admin_aula";?>"><div class="tile-wide bg-lime fg-white" data-role="tile"><div class="tile-content iconic"><span class="icon mif-books"></span></div><span class="tile-label"><?php $pizza=CHtml::encode(''administracion_aula'');$porciones=explode("_", $pizza);foreach($porciones as $p){echo $p." ";} ?></span></div></a>', 'admin_aula'),
(10, '<a href="<?php echo Yii::app()->getBaseUrl()."/admin_repositorio";?>" >\n            <div class="tile-large bg-brown fg-white" data-role="tile">\n                <div class="tile-content iconic">\n                    <span class="icon mif-cabinet"></span>\n                </div>\n                <span class="tile-label">            \n                    <?php \n                        $pizza  = CHtml::encode(''administracion_repositorio'');\n                        $porciones = explode("_", $pizza);\n                        foreach ($porciones as $p)\n                        echo $p." "; // porción\n                    ?>                \n                </span>\n            </div>  \n        </a>', 'admin_repositorio'),
(11, '<a href="<?php echo Yii::app()->getBaseUrl()."/admin_error_log_mensaje";?>" >\n            <div class="tile-large bg-red fg-white" data-role="tile">\n                <div class="tile-content iconic">\n                    <span class="icon mif-history"></span>\n                </div>\n                <span class="tile-label">\n                    <?php \n                        $pizza  = CHtml::encode(''administracion_error_log_mensaje'');\n                        $porciones = explode("_", $pizza);\n                        foreach ($porciones as $p)\n                        echo $p." "; // porción\n                    ?>\n                </span>\n            </div>  \n        </a>', 'admin_error_log_mensaje');

--
-- Volcado de datos para la tabla `modelo_aprendizaje`
--

INSERT IGNORE INTO `modelo_aprendizaje` (`id`, `nombre`, `descripcion`, `fecha_acceso`, `fecha_modificacion`, `fecha_creacion`) VALUES
(1, 'autoaprendizaje', 'modelo de auto aprendizaje', '0000-00-00 00:00:00', '0000-00-00 00:00:00', '0000-00-00 00:00:00'),
(2, 'e-learning', 'modelo de e-learning', '0000-00-00 00:00:00', '0000-00-00 00:00:00', '0000-00-00 00:00:00'),
(3, 'aprendizaje grupal', 'descripcion aprendizaje grupal', '0000-00-00 00:00:00', '0000-00-00 00:00:00', '0000-00-00 00:00:00');

--
-- Volcado de datos para la tabla `privilegio_administrador`
--

INSERT IGNORE INTO `privilegio_administrador` (`id`, `nombre`, `controlador_administrador_id`) VALUES
(1, 'index', 1),
(2, 'view', 1),
(3, 'admin', 1),
(4, 'create', 1),
(5, 'update', 1),
(6, 'delete', 1),
(7, 'index', 2),
(8, 'view', 2),
(9, 'admin', 2),
(10, 'create', 2),
(11, 'update', 2),
(12, 'delete', 2),
(13, 'index', 3),
(14, 'view', 3),
(15, 'admin', 3),
(16, 'create', 3),
(17, 'update', 3),
(18, 'delete', 3),
(19, 'index', 4),
(20, 'view', 4),
(21, 'admin', 4),
(22, 'create', 4),
(23, 'update', 4),
(24, 'delete', 4),
(25, 'index', 5),
(26, 'view', 5),
(27, 'admin', 5),
(28, 'create', 5),
(29, 'update', 5),
(30, 'delete', 5),
(31, 'index', 6),
(32, 'view', 6),
(33, 'admin', 6),
(34, 'create', 6),
(35, 'update', 6),
(36, 'delete', 6),
(37, 'index', 7),
(38, 'view', 7),
(39, 'admin', 7),
(40, 'create', 7),
(41, 'update', 7),
(42, 'delete', 7),
(43, 'index', 8),
(44, 'view', 8),
(45, 'admin', 8),
(46, 'create', 8),
(47, 'update', 8),
(48, 'delete', 8),
(49, 'index', 9),
(50, 'view', 9),
(51, 'admin', 9),
(52, 'create', 9),
(53, 'update', 9),
(54, 'delete', 9),
(55, 'index', 10),
(56, 'view', 10),
(57, 'admin', 10),
(58, 'create', 10),
(59, 'update', 10),
(60, 'delete', 10),
(61, 'index', 11),
(62, 'view', 11),
(63, 'admin', 11),
(64, 'create', 11),
(65, 'update', 11),
(66, 'delete', 11),
(67, 'index', 12),
(68, 'view', 12),
(69, 'admin', 12),
(70, 'create', 12),
(71, 'update', 12),
(72, 'delete', 12),
(73, 'index', 13),
(74, 'view', 13),
(75, 'admin', 13),
(76, 'create', 13),
(77, 'update', 13),
(78, 'delete', 13),
(79, 'index', 14),
(80, 'view', 14),
(81, 'admin', 14),
(82, 'create', 14),
(83, 'update', 14),
(84, 'delete', 14);

--
-- Volcado de datos para la tabla `privilegio_usuario`
--

INSERT IGNORE INTO `privilegio_usuario` (`id`, `nombre`, `controlador_usuario_id`) VALUES
(1, 'index', 1),
(2, 'view', 1),
(3, 'admiin', 1),
(4, 'create', 1),
(5, 'update', 1),
(6, 'delete', 1),
(7, 'index', 2),
(8, 'view', 2),
(9, 'admin', 2),
(10, 'create', 2),
(11, 'update', 2),
(12, 'delete', 2),
(13, 'index', 3),
(14, 'view', 3),
(15, 'admin', 3),
(16, 'create', 3),
(17, 'update', 3),
(18, 'delete', 3),
(19, 'index', 4),
(20, 'view', 4),
(21, 'admin', 4),
(22, 'create', 4),
(23, 'update', 4),
(24, 'delete', 4);

--
-- Volcado de datos para la tabla `repositorio_local_admin`
--

INSERT IGNORE INTO `repositorio_local_admin` (`id`, `nombre`, `descripcion`, `fecha_acceso`, `fecha_modificacion`, `fecha_creacion`, `modelo_aprendizaje_id`) VALUES
(1, 'repositorio local francisco', 'descripcion repositorio local francisco', '0000-00-00 00:00:00', '0000-00-00 00:00:00', '0000-00-00 00:00:00', 3),
(2, 'repositorio local marcelo', 'descripcion repositorio local marcelo', '0000-00-00 00:00:00', '0000-00-00 00:00:00', '0000-00-00 00:00:00', 1),
(3, 'repositorio local patricio', 'descripcion repositorio local patricio', '0000-00-00 00:00:00', '0000-00-00 00:00:00', '0000-00-00 00:00:00', 2);

--
-- Volcado de datos para la tabla `repositorio_troncal_admin`
--

INSERT IGNORE INTO `repositorio_troncal_admin` (`id`, `nombre`, `descripcion`, `fecha_acceso`, `fecha_modificacion`, `fecha_creacion`, `modelo_aprendizaje_id`) VALUES
(1, 'repositorio diego', 'prueba repositorio diego', '0000-00-00 00:00:00', '0000-00-00 00:00:00', '0000-00-00 00:00:00', 2),
(2, 'repositorio christian', 'prueba repositorio christian', '0000-00-00 00:00:00', '0000-00-00 00:00:00', '0000-00-00 00:00:00', 2);

--
-- Volcado de datos para la tabla `repositorio_troncal_app`
--

INSERT IGNORE INTO `repositorio_troncal_app` (`id`, `nombre`, `descripcion`, `fecha_acceso`, `fecha_modificacion`, `fecha_creacion`, `modelo_aprendizaje_id`) VALUES
(1, 'repositorio francisco', 'descripcion repositorio francisco', '0000-00-00 00:00:00', '0000-00-00 00:00:00', '0000-00-00 00:00:00', 3),
(2, 'repositorio marcelo', 'descripcion repositorio marcelo', '0000-00-00 00:00:00', '0000-00-00 00:00:00', '0000-00-00 00:00:00', 1),
(3, 'repositorio patricio', 'descripcion repositorio patricio', '0000-00-00 00:00:00', '0000-00-00 00:00:00', '0000-00-00 00:00:00', 2);

--
-- Volcado de datos para la tabla `rol_administrador`
--

INSERT IGNORE INTO `rol_administrador` (`id`, `nombre`, `descripcion`) VALUES
(1, 'superadministrador', NULL),
(5, 'root', ''),
(6, 'supervisor usuario', 'usuario y rol usuario');

--
-- Volcado de datos para la tabla `rol_administrador_has_authitem_permiso_administrador`
--

INSERT IGNORE INTO `rol_administrador_has_authitem_permiso_administrador` (`rol_administrador_id`, `authitem_permiso_administrador_name`) VALUES
(1, 'administracion_rol_administrador'),
(1, 'administracion_rol_usuario'),
(1, 'administracion_usuario'),
(1, 'administracion_usuario_administrador'),
(1, 'admin_aplicacion'),
(1, 'admin_aula'),
(1, 'admin_curricular'),
(1, 'admin_error_log_mensaje'),
(1, 'admin_escritorio'),
(1, 'admin_institucion'),
(1, 'admin_repositorio'),
(1, 'admin_rol_administrador'),
(1, 'admin_rol_usuario'),
(1, 'admin_usuario'),
(1, 'admin_usuario_administrador'),
(5, 'admin_rol_usuario'),
(6, 'admin_rol_usuario'),
(6, 'admin_usuario');

--
-- Volcado de datos para la tabla `rol_administrador_has_privilegio_administrador`
--

INSERT IGNORE INTO `rol_administrador_has_privilegio_administrador` (`rol_administrador_id`, `privilegio_administrador_id`) VALUES
(1, 31),
(1, 32),
(1, 33),
(1, 34),
(1, 35),
(1, 36),
(1, 37),
(1, 38),
(1, 39),
(1, 40),
(1, 41),
(1, 42),
(1, 43),
(6, 43),
(1, 44),
(6, 44),
(1, 45),
(6, 45),
(1, 46),
(6, 46),
(1, 47),
(6, 47),
(1, 48),
(6, 48),
(1, 49),
(6, 49),
(1, 50),
(6, 50),
(1, 51),
(6, 51),
(1, 52),
(6, 52),
(1, 53),
(6, 53),
(1, 54),
(6, 54),
(1, 55),
(5, 55),
(6, 55),
(1, 56),
(6, 56),
(1, 57),
(5, 57),
(6, 57),
(1, 58),
(5, 58),
(6, 58),
(1, 59),
(5, 59),
(6, 59),
(1, 60),
(5, 60),
(6, 60),
(1, 61),
(5, 61),
(6, 61),
(1, 62),
(5, 62),
(6, 62),
(1, 63),
(5, 63),
(6, 63),
(1, 64),
(5, 64),
(6, 64),
(1, 65),
(5, 65),
(6, 65),
(1, 66),
(5, 66),
(6, 66),
(1, 67),
(5, 67),
(6, 67),
(1, 68),
(5, 68),
(6, 68),
(1, 69),
(5, 69),
(6, 69),
(1, 70),
(5, 70),
(6, 70),
(1, 71),
(5, 71),
(6, 71),
(1, 72),
(5, 72),
(6, 72),
(1, 73),
(5, 73),
(6, 73),
(1, 74),
(5, 74),
(6, 74),
(1, 75),
(5, 75),
(6, 75),
(1, 76),
(5, 76),
(6, 76),
(1, 77),
(5, 77),
(6, 77),
(1, 78),
(5, 78),
(6, 78),
(1, 79),
(5, 79),
(6, 79),
(1, 80),
(5, 80),
(6, 80),
(1, 81),
(5, 81),
(6, 81),
(1, 82),
(5, 82),
(6, 82),
(1, 83),
(5, 83),
(6, 83),
(1, 84),
(5, 84),
(6, 84);

--
-- Volcado de datos para la tabla `rol_usuario`
--

INSERT IGNORE INTO `rol_usuario` (`id`, `nombre`, `descripcion`) VALUES
(1, 'superusuario', 'rol superusuario'),
(2, 'profesor', 'rol profesor'),
(3, 'alumno', 'rol alumno');

--
-- Volcado de datos para la tabla `rol_usuario_has_authitem_permiso_usuario`
--

INSERT IGNORE INTO `rol_usuario_has_authitem_permiso_usuario` (`rol_usuario_id`, `authitem_permiso_usuario_name`) VALUES
(1, 'aula'),
(1, 'repositorio'),
(2, 'aula'),
(2, 'repositorio'),
(3, 'aula');

--
-- Volcado de datos para la tabla `tipo_herramienta`
--

INSERT IGNORE INTO `tipo_herramienta` (`id`, `descripcion`) VALUES
(1, 'autoevaluacion'),
(2, 'archivo_recurso'),
(3, 'contenido_libre'),
(4, 'evaluacion'),
(5, 'foro'),
(6, 'glosario'),
(7, 'link_interes'),
(8, 'proyecto'),
(9, 'recepcion_trabajo'),
(10, 'trabajo_grupal');

--
-- Volcado de datos para la tabla `tipo_repositorio`
--

INSERT IGNORE INTO `tipo_repositorio` (`id`, `descripcion`) VALUES
(1, 'troncal_admin'),
(2, 'local_admin'),
(3, 'troncal_app'),
(4, 'local_app');

--
-- Volcado de datos para la tabla `usuario`
--

INSERT IGNORE INTO `usuario` (`id`, `usuario`, `clave`, `fecha_acceso`, `fecha_modificacion`, `fecha_creacion`) VALUES
(1, 'creyes', '123', NULL, NULL, NULL),
(2, 'francisco', '123', NULL, NULL, NULL),
(3, 'victor', '123', NULL, NULL, NULL),
(4, 'marcelo', '123', NULL, NULL, NULL),
(5, 'patricio', '123', NULL, NULL, NULL);

--
-- Volcado de datos para la tabla `usuario_administrador`
--

INSERT IGNORE INTO `usuario_administrador` (`id`, `usuario`, `clave`) VALUES
(1, 'creyes', '123'),
(2, 'jlopez', '123'),
(3, 'dmorales', '123');

--
-- Volcado de datos para la tabla `usuario_administrador_has_rol_administrador`
--

INSERT IGNORE INTO `usuario_administrador_has_rol_administrador` (`usuario_administrador_id`, `rol_administrador_id`) VALUES
(1, 1),
(2, 6);

--
-- Volcado de datos para la tabla `usuario_has_rol_usuario`
--

INSERT IGNORE INTO `usuario_has_rol_usuario` (`usuario_id`, `rol_usuario_id`) VALUES
(1, 1),
(4, 2),
(5, 2),
(2, 3),
(3, 3);

/*!40101 SET CHARACTER_SET_CLIENT=@OLD_CHARACTER_SET_CLIENT */;
/*!40101 SET CHARACTER_SET_RESULTS=@OLD_CHARACTER_SET_RESULTS */;
/*!40101 SET COLLATION_CONNECTION=@OLD_COLLATION_CONNECTION */;
