-- phpMyAdmin SQL Dump
-- version 3.4.10.1
-- http://www.phpmyadmin.net
--
-- Servidor: localhost
-- Tiempo de generación: 22-06-2015 a las 21:13:17
-- Versión del servidor: 5.5.20
-- Versión de PHP: 5.3.10

SET SQL_MODE="NO_AUTO_VALUE_ON_ZERO";
SET time_zone = "+00:00";


/*!40101 SET @OLD_CHARACTER_SET_CLIENT=@@CHARACTER_SET_CLIENT */;
/*!40101 SET @OLD_CHARACTER_SET_RESULTS=@@CHARACTER_SET_RESULTS */;
/*!40101 SET @OLD_COLLATION_CONNECTION=@@COLLATION_CONNECTION */;
/*!40101 SET NAMES utf8 */;

--
-- Base de datos: `testreko`
--

DELIMITER $$
--
-- Procedimientos
--
CREATE DEFINER=`root`@`localhost` PROCEDURE `validar_privilegio`(nuevo_usuario_id int , nuevo_permiso_nombre varchar(50) , nuevo_controlador_nombre varchar(50) , nuevo_privilegio_nombre varchar(50),out vista varchar(50))
SELECT PRIV.nombre into vista
FROM
		privilegio_administrador PRIV,
        controlador_administrador C,
        authitem_permiso_administrador P,
        rol_administrador_has_authitem_permiso_administrador RP,
        rol_administrador R,
        usuario_administrador_has_rol_administrador UR,
        usuario_administrador U
        
WHERE PRIV.controlador_administrador_id = C.id
AND C.authitem_permiso_administrador_name = P.name
AND RP.authitem_permiso_administrador_name = P.name
AND RP.rol_administrador_id = R.id
AND UR.rol_administrador_id = R.id
AND UR.usuario_administrador_id = U.id

AND U.id = nuevo_usuario_id
AND P.name = nuevo_permiso_nombre
AND C.nombre = nuevo_controlador_nombre
AND PRIV.nombre = nuevo_privilegio_nombre$$

DELIMITER ;

-- --------------------------------------------------------

--
-- Estructura de tabla para la tabla `authassignment_administrador`
--

CREATE TABLE IF NOT EXISTS `authassignment_administrador` (
  `itemname` varchar(64) NOT NULL,
  `userid` varchar(64) NOT NULL,
  `bizrule` text,
  `data` text,
  PRIMARY KEY (`itemname`,`userid`)
) ENGINE=InnoDB DEFAULT CHARSET=utf8;

--
-- Volcado de datos para la tabla `authassignment_administrador`
--

INSERT INTO `authassignment_administrador` (`itemname`, `userid`, `bizrule`, `data`) VALUES
('administracion_rol_administrador', '1', NULL, NULL);

-- --------------------------------------------------------

--
-- Estructura de tabla para la tabla `authitemchild_administrador`
--

CREATE TABLE IF NOT EXISTS `authitemchild_administrador` (
  `parent` varchar(64) NOT NULL,
  `child` varchar(64) NOT NULL,
  PRIMARY KEY (`parent`,`child`),
  KEY `child` (`child`)
) ENGINE=InnoDB DEFAULT CHARSET=utf8;

-- --------------------------------------------------------

--
-- Estructura de tabla para la tabla `authitem_permiso_administrador`
--

CREATE TABLE IF NOT EXISTS `authitem_permiso_administrador` (
  `name` varchar(64) NOT NULL,
  `type` int(11) NOT NULL,
  `description` text,
  `bizrule` text,
  `data` text,
  PRIMARY KEY (`name`)
) ENGINE=InnoDB DEFAULT CHARSET=utf8;

--
-- Volcado de datos para la tabla `authitem_permiso_administrador`
--

INSERT INTO `authitem_permiso_administrador` (`name`, `type`, `description`, `bizrule`, `data`) VALUES
('administracion_rol_administrador', 2, '', '', ''),
('administracion_usuario', 2, '', NULL, 'N;'),
('administracion_usuario_administrador', 2, '', NULL, 'N;');

-- --------------------------------------------------------

--
-- Estructura de tabla para la tabla `controlador_administrador`
--

CREATE TABLE IF NOT EXISTS `controlador_administrador` (
  `id` int(11) NOT NULL AUTO_INCREMENT,
  `nombre` varchar(45) DEFAULT NULL,
  `authitem_permiso_administrador_name` varchar(64) NOT NULL,
  PRIMARY KEY (`id`),
  KEY `fk_controlador_administrador_authitem_permiso_administrador_idx` (`authitem_permiso_administrador_name`)
) ENGINE=InnoDB  DEFAULT CHARSET=utf8 AUTO_INCREMENT=8 ;

--
-- Volcado de datos para la tabla `controlador_administrador`
--

INSERT INTO `controlador_administrador` (`id`, `nombre`, `authitem_permiso_administrador_name`) VALUES
(1, 'AuthitemPermisoAdministrador', 'administracion_rol_administrador'),
(2, 'ControladorAdministrador', 'administracion_rol_administrador'),
(3, 'Default', 'administracion_rol_administrador'),
(4, 'PrivilegioAdministrador', 'administracion_rol_administrador'),
(5, 'RolAdministrador', 'administracion_rol_administrador'),
(6, 'UsuarioAdministrador', 'administracion_usuario_administrador'),
(7, 'Default', 'administracion_usuario_administrador');

-- --------------------------------------------------------

--
-- Estructura de tabla para la tabla `privilegio_administrador`
--

CREATE TABLE IF NOT EXISTS `privilegio_administrador` (
  `id` int(11) NOT NULL AUTO_INCREMENT,
  `nombre` varchar(45) DEFAULT NULL,
  `controlador_administrador_id` int(11) NOT NULL,
  PRIMARY KEY (`id`),
  KEY `fk_privilegio_administrador_controlador_administrador1_idx` (`controlador_administrador_id`)
) ENGINE=InnoDB  DEFAULT CHARSET=utf8 AUTO_INCREMENT=43 ;

--
-- Volcado de datos para la tabla `privilegio_administrador`
--

INSERT INTO `privilegio_administrador` (`id`, `nombre`, `controlador_administrador_id`) VALUES
(1, 'index', 1),
(2, 'view', 1),
(3, 'admin', 1),
(4, 'create', 1),
(5, 'update', 1),
(6, 'delete', 1),
(7, 'index', 2),
(8, 'view', 2),
(9, 'admin', 2),
(10, 'create', 2),
(11, 'update', 2),
(12, 'delete', 2),
(13, 'index', 3),
(14, 'view', 3),
(15, 'admin', 3),
(16, 'create', 3),
(17, 'update', 3),
(18, 'delete', 3),
(19, 'index', 4),
(20, 'view', 4),
(21, 'admin', 4),
(22, 'create', 4),
(23, 'update', 4),
(24, 'delete', 4),
(25, 'index', 5),
(26, 'view', 5),
(27, 'admin', 5),
(28, 'create', 5),
(29, 'update', 5),
(30, 'delete', 5),
(31, 'index', 6),
(32, 'view', 6),
(33, 'admin', 6),
(34, 'create', 6),
(35, 'update', 6),
(36, 'delete', 6),
(37, 'index', 7),
(38, 'view', 7),
(39, 'admin', 7),
(40, 'create', 7),
(41, 'update', 7),
(42, 'delete', 7);

-- --------------------------------------------------------

--
-- Estructura de tabla para la tabla `rol_administrador`
--

CREATE TABLE IF NOT EXISTS `rol_administrador` (
  `id` int(11) NOT NULL AUTO_INCREMENT,
  `nombre` varchar(45) DEFAULT NULL,
  `descripcion` varchar(45) DEFAULT NULL,
  PRIMARY KEY (`id`)
) ENGINE=InnoDB  DEFAULT CHARSET=utf8 AUTO_INCREMENT=2 ;

--
-- Volcado de datos para la tabla `rol_administrador`
--

INSERT INTO `rol_administrador` (`id`, `nombre`, `descripcion`) VALUES
(1, 'superadministrador', NULL);

-- --------------------------------------------------------

--
-- Estructura de tabla para la tabla `rol_administrador_has_authitem_permiso_administrador`
--

CREATE TABLE IF NOT EXISTS `rol_administrador_has_authitem_permiso_administrador` (
  `rol_administrador_id` int(11) NOT NULL,
  `authitem_permiso_administrador_name` varchar(64) NOT NULL,
  PRIMARY KEY (`rol_administrador_id`,`authitem_permiso_administrador_name`),
  KEY `fk_rol_administrador_has_authitem_permiso_administrador_aut_idx` (`authitem_permiso_administrador_name`),
  KEY `fk_rol_administrador_has_authitem_permiso_administrador_rol_idx` (`rol_administrador_id`)
) ENGINE=InnoDB DEFAULT CHARSET=utf8;

--
-- Volcado de datos para la tabla `rol_administrador_has_authitem_permiso_administrador`
--

INSERT INTO `rol_administrador_has_authitem_permiso_administrador` (`rol_administrador_id`, `authitem_permiso_administrador_name`) VALUES
(1, 'administracion_rol_administrador');

-- --------------------------------------------------------

--
-- Estructura de tabla para la tabla `usuario`
--

CREATE TABLE IF NOT EXISTS `usuario` (
  `id` int(11) NOT NULL AUTO_INCREMENT,
  `usuario` varchar(45) DEFAULT NULL,
  `clave` varchar(45) DEFAULT NULL,
  PRIMARY KEY (`id`)
) ENGINE=InnoDB DEFAULT CHARSET=utf8 AUTO_INCREMENT=1 ;

-- --------------------------------------------------------

--
-- Estructura de tabla para la tabla `usuario_administrador`
--

CREATE TABLE IF NOT EXISTS `usuario_administrador` (
  `id` int(11) NOT NULL AUTO_INCREMENT,
  `usuario` varchar(45) DEFAULT NULL,
  `clave` varchar(45) DEFAULT NULL,
  PRIMARY KEY (`id`)
) ENGINE=InnoDB  DEFAULT CHARSET=utf8 AUTO_INCREMENT=4 ;

--
-- Volcado de datos para la tabla `usuario_administrador`
--

INSERT INTO `usuario_administrador` (`id`, `usuario`, `clave`) VALUES
(1, 'creyes', '123'),
(2, 'jlopez', '123'),
(3, 'dmorales', '123');

-- --------------------------------------------------------

--
-- Estructura de tabla para la tabla `usuario_administrador_has_rol_administrador`
--

CREATE TABLE IF NOT EXISTS `usuario_administrador_has_rol_administrador` (
  `usuario_administrador_id` int(11) NOT NULL,
  `rol_administrador_id` int(11) NOT NULL,
  PRIMARY KEY (`usuario_administrador_id`,`rol_administrador_id`),
  KEY `fk_usuario_administrador_has_rol_administrador_rol_administ_idx` (`rol_administrador_id`),
  KEY `fk_usuario_administrador_has_rol_administrador_usuario_admi_idx` (`usuario_administrador_id`)
) ENGINE=InnoDB DEFAULT CHARSET=utf8;

--
-- Volcado de datos para la tabla `usuario_administrador_has_rol_administrador`
--

INSERT INTO `usuario_administrador_has_rol_administrador` (`usuario_administrador_id`, `rol_administrador_id`) VALUES
(1, 1);

--
-- Restricciones para tablas volcadas
--

--
-- Filtros para la tabla `authassignment_administrador`
--
ALTER TABLE `authassignment_administrador`
  ADD CONSTRAINT `authassignment_ibfk_1` FOREIGN KEY (`itemname`) REFERENCES `authitem_permiso_administrador` (`name`) ON DELETE CASCADE ON UPDATE CASCADE;

--
-- Filtros para la tabla `authitemchild_administrador`
--
ALTER TABLE `authitemchild_administrador`
  ADD CONSTRAINT `authitemchild_ibfk_1` FOREIGN KEY (`parent`) REFERENCES `authitem_permiso_administrador` (`name`) ON DELETE CASCADE ON UPDATE CASCADE,
  ADD CONSTRAINT `authitemchild_ibfk_2` FOREIGN KEY (`child`) REFERENCES `authitem_permiso_administrador` (`name`) ON DELETE CASCADE ON UPDATE CASCADE;

--
-- Filtros para la tabla `controlador_administrador`
--
ALTER TABLE `controlador_administrador`
  ADD CONSTRAINT `fk_controlador_administrador_authitem_permiso_administrador1` FOREIGN KEY (`authitem_permiso_administrador_name`) REFERENCES `authitem_permiso_administrador` (`name`) ON DELETE NO ACTION ON UPDATE NO ACTION;

--
-- Filtros para la tabla `privilegio_administrador`
--
ALTER TABLE `privilegio_administrador`
  ADD CONSTRAINT `fk_privilegio_administrador_controlador_administrador1` FOREIGN KEY (`controlador_administrador_id`) REFERENCES `controlador_administrador` (`id`) ON DELETE NO ACTION ON UPDATE NO ACTION;

--
-- Filtros para la tabla `rol_administrador_has_authitem_permiso_administrador`
--
ALTER TABLE `rol_administrador_has_authitem_permiso_administrador`
  ADD CONSTRAINT `fk_rol_administrador_has_authitem_permiso_administrador_rol_a1` FOREIGN KEY (`rol_administrador_id`) REFERENCES `rol_administrador` (`id`) ON DELETE NO ACTION ON UPDATE NO ACTION,
  ADD CONSTRAINT `fk_rol_administrador_has_authitem_permiso_administrador_authi1` FOREIGN KEY (`authitem_permiso_administrador_name`) REFERENCES `authitem_permiso_administrador` (`name`) ON DELETE NO ACTION ON UPDATE NO ACTION;

--
-- Filtros para la tabla `usuario_administrador_has_rol_administrador`
--
ALTER TABLE `usuario_administrador_has_rol_administrador`
  ADD CONSTRAINT `fk_usuario_administrador_has_rol_administrador_usuario_admini1` FOREIGN KEY (`usuario_administrador_id`) REFERENCES `usuario_administrador` (`id`) ON DELETE NO ACTION ON UPDATE NO ACTION,
  ADD CONSTRAINT `fk_usuario_administrador_has_rol_administrador_rol_administra1` FOREIGN KEY (`rol_administrador_id`) REFERENCES `rol_administrador` (`id`) ON DELETE NO ACTION ON UPDATE NO ACTION;

/*!40101 SET CHARACTER_SET_CLIENT=@OLD_CHARACTER_SET_CLIENT */;
/*!40101 SET CHARACTER_SET_RESULTS=@OLD_CHARACTER_SET_RESULTS */;
/*!40101 SET COLLATION_CONNECTION=@OLD_COLLATION_CONNECTION */;
